prenom,nom,username,password
Prenom1,Nom1,Username1,Password1
Prenom2,Nom2,Username2,Password2
Prenom3,Nom3,Username3,Password3
Prenom4,Nom4,Username4,Password4
Prenom5,Nom5,Username5,Password5
Prenom6,Nom6,Username6,Password6
Prenom7,Nom7,Username7,Password7
Prenom8,Nom8,Username8,Password8
Prenom9,Nom9,Username9,Password9
Prenom10,Nom10,Username10,Password10
Prenom11,Nom11,Username11,Password11
Prenom12,Nom12,Username12,Password12
Prenom13,Nom13,Username13,Password13
Prenom14,Nom14,Username14,Password14
Prenom15,Nom15,Username15,Password15
Prenom16,Nom16,Username16,Password16
Prenom17,Nom17,Username17,Password17
Prenom18,Nom18,Username18,Password18
Prenom19,Nom19,Username19,Password19
Prenom20,Nom20,Username20,Password20
Prenom21,Nom21,Username21,Password21
Prenom22,Nom22,Username22,Password22
Prenom23,Nom23,Username23,Password23
Prenom24,Nom24,Username24,Password24
Prenom25,Nom25,Username25,Password25
Prenom26,Nom26,Username26,Password26
Prenom27,Nom27,Username27,Password27
Prenom28,Nom28,Username28,Password28
Prenom29,Nom29,Username29,Password29
Prenom30,Nom30,Username30,Password30
Prenom31,Nom31,Username31,Password31
Prenom32,Nom32,Username32,Password32
Prenom33,Nom33,Username33,Password33
Prenom34,Nom34,Username34,Password34
Prenom35,Nom35,Username35,Password35
Prenom36,Nom36,Username36,Password36
Prenom37,Nom37,Username37,Password37
Prenom38,Nom38,Username38,Password38
Prenom39,Nom39,Username39,Password39
Prenom40,Nom40,Username40,Password40
Prenom41,Nom41,Username41,Password41
Prenom42,Nom42,Username42,Password42
Prenom43,Nom43,Username43,Password43
Prenom44,Nom44,Username44,Password44
Prenom45,Nom45,Username45,Password45
Prenom46,Nom46,Username46,Password46
Prenom47,Nom47,Username47,Password47
Prenom48,Nom48,Username48,Password48
Prenom49,Nom49,Username49,Password49
Prenom50,Nom50,Username50,Password50
Prenom51,Nom51,Username51,Password51
Prenom52,Nom52,Username52,Password52
Prenom53,Nom53,Username53,Password53
Prenom54,Nom54,Username54,Password54
Prenom55,Nom55,Username55,Password55
Prenom56,Nom56,Username56,Password56
Prenom57,Nom57,Username57,Password57
Prenom58,Nom58,Username58,Password58
Prenom59,Nom59,Username59,Password59
Prenom60,Nom60,Username60,Password60
Prenom61,Nom61,Username61,Password61
Prenom62,Nom62,Username62,Password62
Prenom63,Nom63,Username63,Password63
Prenom64,Nom64,Username64,Password64
Prenom65,Nom65,Username65,Password65
Prenom66,Nom66,Username66,Password66
Prenom67,Nom67,Username67,Password67
Prenom68,Nom68,Username68,Password68
Prenom69,Nom69,Username69,Password69
Prenom70,Nom70,Username70,Password70
Prenom71,Nom71,Username71,Password71
Prenom72,Nom72,Username72,Password72
Prenom73,Nom73,Username73,Password73
Prenom74,Nom74,Username74,Password74
Prenom75,Nom75,Username75,Password75
Prenom76,Nom76,Username76,Password76
Prenom77,Nom77,Username77,Password77
Prenom78,Nom78,Username78,Password78
Prenom79,Nom79,Username79,Password79
Prenom80,Nom80,Username80,Password80
Prenom81,Nom81,Username81,Password81
Prenom82,Nom82,Username82,Password82
Prenom83,Nom83,Username83,Password83
Prenom84,Nom84,Username84,Password84
Prenom85,Nom85,Username85,Password85
Prenom86,Nom86,Username86,Password86
Prenom87,Nom87,Username87,Password87
Prenom88,Nom88,Username88,Password88
Prenom89,Nom89,Username89,Password89
Prenom90,Nom90,Username90,Password90
Prenom91,Nom91,Username91,Password91
Prenom92,Nom92,Username92,Password92
Prenom93,Nom93,Username93,Password93
Prenom94,Nom94,Username94,Password94
Prenom95,Nom95,Username95,Password95
Prenom96,Nom96,Username96,Password96
Prenom97,Nom97,Username97,Password97
Prenom98,Nom98,Username98,Password98
Prenom99,Nom99,Username99,Password99
Prenom100,Nom100,Username100,Password100
Prenom101,Nom101,Username101,Password101
Prenom102,Nom102,Username102,Password102
Prenom103,Nom103,Username103,Password103
Prenom104,Nom104,Username104,Password104
Prenom105,Nom105,Username105,Password105
Prenom106,Nom106,Username106,Password106
Prenom107,Nom107,Username107,Password107
Prenom108,Nom108,Username108,Password108
Prenom109,Nom109,Username109,Password109
Prenom110,Nom110,Username110,Password110
Prenom111,Nom111,Username111,Password111
Prenom112,Nom112,Username112,Password112
Prenom113,Nom113,Username113,Password113
Prenom114,Nom114,Username114,Password114
Prenom115,Nom115,Username115,Password115
Prenom116,Nom116,Username116,Password116
Prenom117,Nom117,Username117,Password117
Prenom118,Nom118,Username118,Password118
Prenom119,Nom119,Username119,Password119
Prenom120,Nom120,Username120,Password120